{
  "project_info": {
    "project_number": "632514842998",
    "project_id": "e-vomerace-app",
    "storage_bucket": "e-vomerace-app.appspot.com"
  },
  "client": [
    {
      "client_info": {
        "mobilesdk_app_id": "1:632514842998:android:896d77615abd72dba4aa57",
        "android_client_info": {
          "package_name": "com.example.e_vomerace_app"
        }
      },
      "oauth_client": [
        {
          "client_id": "632514842998-92g397tla9p63vbsbrcm0of786ss1s5e.apps.googleusercontent.com",
          "client_type": 3
        }
      ],
      "api_key": [
        {
          "current_key": "AIzaSyCuGlPfVhIDsM6B8tCB-9rh4mUtuMQeD_U"
        }
      ],
      "services": {
        "appinvite_service": {
          "other_platform_oauth_client": [
            {
              "client_id": "632514842998-92g397tla9p63vbsbrcm0of786ss1s5e.apps.googleusercontent.com",
              "client_type": 3
            }
          ]
        }
      }
    }
  ],
  "configuration_version": "1"
}